1011,"VDRL strips","VDRL strips",3000
1012,"HIV- Determine T. strips","HIV- Determine T. strips",5000
1013,"HCG test","HCG test",3000
1014,"H.Pylory test","H.Pylory test",3000
1015,"Urine test","Urine test",3000
1016,"Blood Glucose test","Blood Glucose test",3000
1017,"Blood Uric acid test","Blood Uric acid test",5000
1018,"Hepatitis B & C test","Hepatitis B & C test",6000
1019,"Cholostrol test (lipid pan)","Cholostrol test (lipid pan)",15000
1020,"CBC Test.","CBC Test.",5000
1021,"Lipid Panel","Lipid Panel",15000
1022,"Lft (liver Function test)","Lft (liver Function test)",20000
1023,"RFT (Rinal Function test) ","RFT (Rinal Function test) ",15000
1024,"A1C Test (Average glucose level)","A1C Test (Average glucose level)",10000
1025,"ESR Test","ESR Test",5000
1026,"Stool Examination ","Stool Examination ",3000
1027,WBC,WBC,3000
1028,"Annusol cream","Annusol cream",8000
1029,Burncure,Burncure,3000
1030,"Bethamethasone cream","Bethamethasone cream",3000
1031,"Benzyl benzoate lotion","Benzyl benzoate lotion",10000
1032,"Clotrimazole cream","Clotrimazole cream",3000
1033,"Clamine lotion ","Clamine lotion ",5000
1034,"Candiderm cream","Candiderm cream",3000
1035,"Diclofenac gell","Diclofenac gell",50007
1036,"Hydrocortisone ointment","Hydrocortisone ointment",3000
1037,"Ketoconazole cream","Ketoconazole cream",3000
1038,"Neomycin cream","Neomycin cream",3000
1039,"Tetracyclin skin ointment","Tetracyclin skin ointment",3000
1040,"Whitefield ointment","Whitefield ointment",3000
1041,"Sulfer ointment","Sulfer ointment",3000
1042,"Dexamethasone & neomycine","Dexamethasone & neomycine",5000
1043,"MCG cream","MCG cream",7000
1044,"CAF eye drop ","CAF eye drop ",3000
1045,"Caf ear drop","Caf ear drop",3000
1046,"Gentamycin eye and ear drop","Gentamycin eye and ear drop",3000
1047,"Tetracycline eye ointment","Tetracycline eye ointment",3000
1048,"Dexamethasone + Neomycine eyedrop","Dexamethasone + Neomycine eyedrop",3000
1049,"Bethametasone + neomycin E/E","Bethametasone + neomycin E/E",3000
1050,"Albendazole 400mg tab,1tab/pkt.","Albendazole 400mg tab,1tab/pkt.",3000
1051,"Aminophylin 10mg tab,10'S","Aminophylin 10mg tab,10'S",5000
1052,"Amoxiciling 250mg caps, 10's. 30cap","Amoxiciling 250mg caps, 10's. 30cap",3000
1053,"Amoxicilling500mgcaps, 30's","Amoxicilling500mgcaps, 30's",5000
1054,"Ampicillin250mg caps, 30's 30caps","Ampicillin250mg caps, 30's 30caps",3000
1055,"Ampiclox 500mg caps,30's.","Ampiclox 500mg caps,30's.",5000
1056,"Amo-clave 625 mg caps, 10's.","Amo-clave 625 mg caps, 10's.",5000
1057,"Amlodipine 5 mg 30 tabs","Amlodipine 5 mg 30 tabs",6000
1058,"Amlodipine 10 mg 30 tabs","Amlodipine 10 mg 30 tabs",8000
1059,"Antiacid tab, 10's. 10 tabs","Antiacid tab, 10's. 10 tabs",5000
1060,"Artusunat + Amodaq. Adult, 6's.","Artusunat + Amodaq. Adult, 6's.",6000
1061,"Atrovastatine 10&20 mg tab,30's.","Atrovastatine 10&20 mg tab,30's.",8000
1062,"Atenolol 50mg&100mg tab,30's.","Atenolol 50mg&100mg tab,30's.",8000
1063,"Azitromycin 500mg tab,3's","Azitromycin 500mg tab,3's",5000
1064,"Bacterium 480mg, 10's.","Bacterium 480mg, 20's.",5000
1065,"Bscodyl 5mg, 10's.","Bscodyl 5mg, 10's.",2000
1066,"CAF 250 mgcaps, 10's. 30 cap","CAF 250 mgcaps, 10's. 30 cap",5000
1067,"Cetirizine 10mgtab, 10's.","Cetirizine 10mgtab, 10's.",2500
1068,"Cefixime 400mg tab.","Cefixime 400mg tab.",5000
1069,"Cloxacilling 250mg caps,10's 30 caps","Cloxacilling 250mg caps,10's 30 caps",3000
1070,"Clotrimazole v. tab,6's","Clotrimazole v. tab,6's",5000
1071,"Co-artem 24' tab","Co-artem 24' tab",6000
1072,"Chlorpheranamine 4mg, 10's.","Chlorpheranamine 4mg, 10's.",3000
1073,"Ciprofloxacilline 500mg, 20's","Ciprofloxacilline 500mg, 20's",5000
1074,"Flucap/ colds cap,20's","Flucap/ colds cap,20's",5000
1075,"Diabetone capsule, 30's","Diabetone capsule, 30's",5000
1076,"Daonile/ Glibenclamide 5mg, 10's 30 tabs","Daonile/ Glibenclamide 5mg, 10's 30 tabs",6000
1077,"Diclofenac 50mg, 20's","Diclofenac 50mg, 20's",3000
1078,"Diclofenac 100mg, 20's","Diclofenac 100mg, 20's",3000
1079,"Doxycycline 100mg, 20's.","Doxycycline 100mg, 20's.",5000
1080,"Fefol tab, 30's.","Fefol tab, 30's.",8000
1081,"Folic acid5mg tab, 30's","Folic acid5mg tab, 30's",5000
1082,"Erythromycin 250mg caps 30's.","Erythromycin 250mg caps 30's.",3000
1083,"Erythromycin 500mg caps,10's. 30 tab","Erythromycin 500mg caps,10's. 30 tab",9000
1084,"Fluconazole 200mg caps, 4's.","Fluconazole 200mg caps, 4's.",6000
1085,"H.pylory caps, 2boxes,","H.pylory caps, 2boxes,",15000
1086,"Hyoscine 10 mg tab,10's.","Hyoscine 10 mg tab,10's.",3000
1087,"HCT +Losartant tab, 30's","HCT +Losartant tab, 30's",8000
1088,"Ibuprofen 200mg tab, 20's 20 tabs","Ibuprofen 200mg tab, 20's 20 tabs",3000
1089,"Ibuprofen 400mg tab, 20's. 20 tabs","Ibuprofen 400mg tab, 20's. 20 tabs",3000
1090,"Indomethacine 250mg caps, 20's","Indomethacine 250mg caps, 20's",5000
1091,"Ketoconazole 200 mg caps, 30's","Ketoconazole 200 mg caps, 30's",9000
1092,"Griseofulvine 500mg tab, 10's.","Griseofulvine 500mg tab, 10's.",3000
1093,"Loratidin 10mg tab, 10's.","Loratidin 10mg tab, 10's.",2000
1094,"Losartant tab","Losartant tab",8000
1095,"Leperamide 2mg caps, 10's","Leperamide 2mg caps, 10's",2000
1096,"Levofloxacilling 500mg tab, 10's","Levofloxacilling 500mg tab, 10's",8000
1097,"Mefanamic acid 500mg caps, 10's","Mefanamic acid 500mg caps, 10's",3000
1098,"Metformine 500mg tab,10's 30 tabs","Metformine 500mg tab,10's 30 tabs",6000
1099,"Metronidazole 250mg tab, 10's 30 caps","Metronidazole 250mg tab, 10's 30 caps",3000
1100,"Metronidazole 500mg tab, 10's 30 tabs","Metronidazole 500mg tab, 10's 30 tabs",5000
1101,"Multivitamine tab, 10's. 30 tabs ","Multivitamine tab, 10's. 30 tabs ",5000
1102,"Microgynon tab, 30's 3 cycle","Microgynon tab, 30's 3 cycle",15000
1103,"Neorobin tab pck","Neorobin tab pck",5000
1104,"Nifedipine 10mg tab,10's","Nifedipine 10mg tab,10's",5000
1105,"Nystatin v.tab 14's.","Nystatin v.tab 14's.",10000
1106,"Omeprazole 20mg caps, 10's 30 tabs","Omeprazole 20mg caps, 10's 30 tabs",5000
1107,"Paracetamole 500mg tab, 20'","Paracetamole 500mg tab, 20'",3000
1108,"Paracetamol 125mg suppose, 5 tubes","Paracetamol 125mg suppose, 5 tubes",3000
1109,"Pantoprazole 40mg tab, 28's.","Pantoprazole 40mg tab, 28's.",8000
1110,"P.alaxin tab. 9's.","P.alaxin tab. 9's.",6000
1111,"Promethazine 25mg, 10's","Promethazine 25mg, 10's",5000
1112,"Praziquantel 600mg tab, 1's.","Praziquantel 600mg tab, 1's.",5000
1113,"Prednisolone 5mg tab, 30's","Prednisolone 5mg tab, 30's",5000
1114,"Plassil 10 mg tab, 10's","Plassil 10 mg tab, 10's",5000
1115,"Quinine 300mg tab, 30's","Quinine 300mg tab, 30's",10000
1116,"Ranitidine 150mg tab, 30's","Ranitidine 150mg tab, 30's",5000
1117,"Sildenafil 100mg tab 4 tabs","Sildenafil 100mg tab 4 tabs",8000
1118,"Sulbutamole4mg tab, 10's","Sulbutamole4mg tab, 10's",5000
1119,"Salbutamol spray.","Salbutamol spray.",12000
1120,"Tinidazole 500mg tab,4's 12 tabs","Tinidazole 500mg tab,4's 12 tabs",5000
1121,"Tramadol 50 mg tab, 10's","Tramadol 50 mg tab, 10's",3000
1122,"Urinex cap, 30's","Urinex cap, 30's",8000
1123,"V.B. complex tab. 30 tabs","V.B. complex tab. 30 tabs",5000
1124,"Vitamin –c- 100mg tab. 30's","Vitamin –c- 100mg tab. 30's",5000
1125,"Zinc 20 mg tab,10's","Zinc 20 mg tab,10's",5000
1126,"Esomeprazol 14 tabs","Esomeprazol 14 tabs",5000
1127,"Esomeprazol 28 tabs","Esomeprazol 28 tabs",8000
1128,"Albendazole 200mg/5ml suspen.","Albendazole 200mg/5ml suspen.",3000
1129,"Amoxicillin 125mg/5ml Syr.","Amoxicillin 125mg/5ml Syr.",3000
1130,"Ampiclox 250mg/5ml syr.","Ampiclox 250mg/5ml syr.",3000
1131,"Azithromycin 200mg/5ml syr.","Azithromycin 200mg/5ml syr.",2000
1132,"Amo-clave 228.5/5ml syr","Amo-clave 228.5/5ml syr",6000
1133,"Bacterium 240mg/5ml.","Bacterium 240mg/5ml.",3000
1134,"Cephalexine 125mg/5ml syr.","Cephalexine 125mg/5ml syr.",3000
1135,"CAF 125mg/5ml syr.","CAF 125mg/5ml syr.",3000
1136,"Chlorphenamine 2mg/5ml.","Chlorphenamine 2mg/5ml.",3000
1137,"Cough syr/Expectorant","Cough syr/Expectorant",5000
1138,"Cough syr/Relexes","Cough syr/Relexes",5000
1139,"Cough Linctus syr. ","Cough Linctus syr. ",5000
1140,"Erythromycin 125mg/5ml susp","Erythromycin 125mg/5ml susp",5000
1141,"Ferro B – Sulfate syr.","Ferro B – Sulfate syr.",2000
1142,"Flucap syr.","Flucap syr.",3000
1143,"Ibubrofen 100mg/5ml syr.","Ibubrofen 100mg/5ml syr.",2000
1144,"Lonart susp.","Lonart susp.",6000
1145,"Luctutose syr.","Luctutose syr.",5000
1146,"Mebendazole suspension","Mebendazole suspension",3000
1147,"Multivitamin syr","Multivitamin syr",3000
1148,"Mefenamic acid syr","Mefenamic acid syr",3000
1149,"Metronidazole 125 mg/5ml susp.","Metronidazole 125 mg/5ml susp.",2000
1150,"Nystatin syrup 100000IU/1cc","Nystatin syrup 100000IU/1cc",3000
1151,"Paracetamole 125mg/5ml syr.","Paracetamole 125mg/5ml syr.",1000
1152,"Piritix junior syr. ","Piritix junior syr. ",3000
1153,"P. alaxin susp.","P. alaxin susp.",6000
1154,"Promethazine 5mg/5ml syr.","Promethazine 5mg/5ml syr.",2000
1155,"Plassil syr.","Plassil syr.",3000
1156,"Quinine 100mg/5mlsyr.","Quinine 100mg/5mlsyr.",6000
1157,"Anti acid (Relcel gel) suspen.","Anti acid (Relcel gel) suspen.",5000
1158,"Toractin syr.","Toractin syr.",5000
1159,"Zinc 10mg/5ml syr.","Zinc 10mg/5ml syr.",2000
1160,"Arthemeter 40 mg (pediatric doc","Arthemeter 40 mg (pediatric doc",9000
1161,"Arthemeter 80mg (Adult dose)","Arthemeter 80mg (Adult dose)",20000
1162,"Artusunate 60mg Inj.","Artusunate 60mg Inj.",900
1163,"Aminophylline 250 mg /amp","Aminophylline 250 mg /amp",5000
1164,"Ampiclox 500 mg/vial.","Ampiclox 500 mg/vial.",2000
1165,"Adrenalline 1 mg","Adrenalline 1 mg",5000
1166,"Benzathine pencillin 2,4IU","Benzathine pencillin 2,4IU",4000
1167,"Chlorephronamine inj.","Chlorephronamine inj.",5000
1168,"Cry. Penciiline 1 million/vial","Cry. Penciiline 1 million/vial",2000
1169,"CAF 500mg/ vial.","CAF 500mg/ vial.",2000
1170,"Ceftriaxone 1gm/7vial.","Ceftriaxone 1gm/7vial.",10000
1171,"Ciprofloxacilline infusion","Ciprofloxacilline infusion",2000
1172,"Dexamethasone 4mg","Dexamethasone 4mg",2000
1173,"Diclofenac 75mg/ 3ml","Diclofenac 75mg/ 3ml",5000
1174,"Diazepam 10mg/2ml","Diazepam 10mg/2ml",5000
1175,"Dep-provera 150mg","Dep-provera 150mg",4000
1176,"Gentamycine 80mg/2ml","Gentamycine 80mg/2ml",2000
1177,"Hydrocortisone 100mg/ vial","Hydrocortisone 100mg/ vial",3000
1178,"Hyoscine 10mg/amp.","Hyoscine 10mg/amp.",2000
1179,"Lasix 20mgor40mg/amp.","Lasix 20mgor40mg/amp.",5000
1180,"Metronidazole 500mg/100ml","Metronidazole 500mg/100ml",2000
1181,"Omeprazole 40mg inj.","Omeprazole 40mg inj.",5000
1182,"Paracetamol 1gm infusion","Paracetamol 1gm infusion",5000
1183,"Pro. Penciling 4meg (2vial adult","Pro. Penciling 4meg (2vial adult",20000
1184,"Pro. Penclline 4 mga 9pediatric)","Pro. Penclline 4 mga 9pediatric)",10000
1185,"Plassil 10 mg.","Plassil 10 mg.",5000
1186,"Promethazine 50 mg/2ml","Promethazine 50 mg/2ml",5000
1187,"Quinine 600mg/2ml","Quinine 600mg/2ml",3000
1188,"Ranitidine 50mg/2ml","Ranitidine 50mg/2ml",5000
1189,"Spectinomycin 2gm Injec.(Togomycine)","Spectinomycin 2gm Injec.(togomycine)",10000
1190,"Steptomycine.STM 1gm.","Steptomycine.STM 1gm.",2000
1191,"Tramadole 100/2ml","Tramadole 100/2ml",5000
1192,"Vitamin B6 injec.","Vitamin B6 injec.",5000
1193,"Vitamin. K. img inj.","Vitamin. K. img inj.",5000
1194,"V.B complex","V.B complex",3000
1195,"Hepatitis B vaccine","Hepatitis B vaccine",5000
1196,"Tettanus Vaccine 0.5 ml","Tettanus Vaccine 0.5 ml",5000
1197,"5% D/W infusion","5% D/W infusion",30000
1198,"R/Lactate infusion","R/Lactate infusion",3000
1199,"50%Glucose infusion","50%Glucose infusion",3000
1200,"0.9 Normal Saline ","0.9 Normal Saline ",3000
1201,ORS,ORS,1000
1202,"Wound care ","Wound care ",5000
1203,"Artsunate 60mg injection","Artsunate 60mg injection/vials",900
1205,"Arthemeter child dose ","Arthemeter child dose ",8000
1206,"Artemether Adult dose ","Artemether Adult dose ",12000
1207,"Ceftriaxone 1gm injection ","Ceftriaxone 1gm injection ",1000
1209,"Stitching wound ","Stitching wound ",10000
1210,Lidocaine,Lidocaine,1000
1211,Enema,Enema,3000
1212,"Ear Irrigation ","Ear Irrigation ",10000
1213,"Admission per day ","Admission per day ",5000
1214,ORS,ORS,500
1215,"G.V with cotton ","G.V with cotton ",3000
1216,"Foreign  body Removal ","Foried body Removal ",5000
1217,"Nasal or ear FB removal ","Nasal or ear FB removal ",5000
1219,"Pregna- caretab. 30's.","Pregna- caretab. 30's.",0
1220,"Electrolyte test (calcium Na K ….)","Electrolyte test (calcium Na K ….)",0
1221,R/factor,R/factor,0
1222,"Widal test","Widal test",3000
1223,"Brucella test","Brucella test",3000
1224,"Blood Film(BF) test","Blood Film(BF) test",3000
1226,"ULTRASOUND ABDOMINAL AND PELVIC","ULTRASOUND ABDOMINAL AND PELVIC",10000
1227,"ULTRASOUND SCROTAL","ULTRASOUND SCROTAL",15000
1228,"H PYLORI ANTIGEN","H PYLORI ANTIGEN",5000
1229,"ALLUPRUNOL TAB","ALLUPRINOL TAB",8000
1230,HEMOGLOBIN,HEMOGLOBIN,3000
1231,"LANSOPRAZOL  30 CAPS","LANSOPRAZOLE  30 CAPS",5000
1232,"HEALTHY TAB MEN OR LADIES","HEALTHY TAB MEN OR LADIES",5000
1233,"IRON TONIC 90 ML","IRON TONIC 90ML",3000
1234,"IRON TONIC 200 ML","IRON TONIC 200ML",5000
1235,"METOCHLOPROMIDE SYRUP","METOCHLOPROMIDE SYRUP",5000
1236,"GLOVE A PAIR","GLOVE A PAIR",500
1237,ECG,ECG,15000
1238,"LOMOTIL TABLET","LOMOTIL TABLET",2000
1239,"ARTEMETHER TABLET 6 TABLET","ARTEMETHER TABLET 6 TABLET",6000
1240,"PCM SUPP250MG,125MG","PCM SUPP250MG,125MG",500
1241,"DICLO 75 MG","DICLO 75 MG",7000
1242,"BLOOD GROUP","BLOOD GROUP",3000
1243,"NECK ULTRAS SOUND","NECK ULTRAS SOUND",15000
1244,"Glimepride  tab","Glimepride  tab",9000
1245,"RENAL FUNCTION TEST","RENAL FUNCTION TEST",15000
1246,"MICROGYNON ONECYCLE","MICROGYNON ONECYCLE",5000
1247,"A,S,A 75 MG","A,S,A 75 MG",5000
1248,"A.S.A 75MG","A.S.A 75MG",5000
1249,GV,GV,3000
1250,Acyclovir,Acyclovir,8000
1251,"dewax ear drop","dewax ear drop",5000
1252,"clomefen 50mg","clomefen 50mg",6000
1253,amaril,amaril,12000
1254,"librax tab","librax tab",5000
1255,"dexa tab","dexa tab",2000
1256,"Ringer infusion","Ringer infusion",3000
1257,"Acyclovir tab","Acyclovir tab",6000
1258,"zopan tab","zopan tab",7000
1259,"arganine +women health","arganine +women health",10000
1260,PRETEX,PRETEX,3000
1261,"injection services","injection services",2000
1262,"covid rapid test","covid rapid test",12000
1263,iodin,iodin,3000
1264,RF,RF,5000
1265,"Differential count","Differential count",3000
1266,"CLINICAL URINE TESTS","ALLERGY AND INTOLERANCE TESTS",194
1267,"Samino Paracitamol","ALLERGY AND INTOLERANCE TESTS",4545
